DATE;EUR_USD;GBP_USD
31/12/2012 00:00;1.31938;1.62465
01/01/2013 00:00;1.31954;1.62377
02/01/2013 00:00;1.31857;1.62546
03/01/2013 00:00;1.30484;1.6106
04/01/2013 00:00;1.30678;1.60678
07/01/2013 00:00;1.31157;1.61143
08/01/2013 00:00;1.30809;1.60549
09/01/2013 00:00;1.30639;1.60214
10/01/2013 00:00;1.32716;1.61674
11/01/2013 00:00;1.33424;1.61323
14/01/2013 00:00;1.33789;1.60743
15/01/2013 00:00;1.3305;1.60633
16/01/2013 00:00;1.32888;1.60048
17/01/2013 00:00;1.33736;1.5992
18/01/2013 00:00;1.3318;1.58638
21/01/2013 00:00;1.33123;1.58272
22/01/2013 00:00;1.33215;1.58375
23/01/2013 00:00;1.33174;1.58449
24/01/2013 00:00;1.33766;1.57891
25/01/2013 00:00;1.34587;1.57998
28/01/2013 00:00;1.34554;1.56941
29/01/2013 00:00;1.34913;1.57621
30/01/2013 00:00;1.35667;1.57987
31/01/2013 00:00;1.35776;1.58557
01/02/2013 00:00;1.36391;1.5691
04/02/2013 00:00;1.35129;1.57604
05/02/2013 00:00;1.35831;1.56581
06/02/2013 00:00;1.35213;1.56587
07/02/2013 00:00;1.33964;1.57158
08/02/2013 00:00;1.33662;1.58005
11/02/2013 00:00;1.3406;1.56575
12/02/2013 00:00;1.34534;1.56616
13/02/2013 00:00;1.34508;1.5541
14/02/2013 00:00;1.33629;1.54942
15/02/2013 00:00;1.33618;1.55162
18/02/2013 00:00;1.33509;1.54648
19/02/2013 00:00;1.3388;1.54247
20/02/2013 00:00;1.328;1.5233
21/02/2013 00:00;1.31887;1.52536
22/02/2013 00:00;1.31902;1.51605
25/02/2013 00:00;1.30617;1.51619
26/02/2013 00:00;1.30606;1.51229
27/02/2013 00:00;1.31375;1.51569
28/02/2013 00:00;1.30558;1.51629
01/03/2013 00:00;1.30178;1.50358
04/03/2013 00:00;1.30261;1.51142
05/03/2013 00:00;1.30512;1.51253
06/03/2013 00:00;1.29665;1.50171
07/03/2013 00:00;1.31064;1.50127
08/03/2013 00:00;1.30042;1.49222
10/03/2013 23:00;1.30456;1.49135
11/03/2013 23:00;1.30335;1.49013
12/03/2013 23:00;1.29605;1.49215
13/03/2013 23:00;1.30042;1.50818
14/03/2013 23:00;1.30743;1.51129
17/03/2013 23:00;1.29555;1.5105
18/03/2013 23:00;1.28806;1.50982
19/03/2013 23:00;1.29323;1.50969
20/03/2013 23:00;1.28989;1.51702
21/03/2013 23:00;1.29881;1.52283
24/03/2013 23:00;1.28524;1.51719
25/03/2013 23:00;1.28605;1.51587
26/03/2013 23:00;1.27802;1.51298
27/03/2013 23:00;1.28167;1.51911
28/03/2013 23:00;1.28184;1.51958
31/03/2013 23:00;1.28481;1.52308
01/04/2013 23:00;1.28187;1.51027
02/04/2013 23:00;1.28482;1.5129
03/04/2013 23:00;1.2936;1.52313
04/04/2013 23:00;1.29943;1.53347
07/04/2013 23:00;1.30082;1.52556
08/04/2013 23:00;1.30822;1.53215
09/04/2013 23:00;1.30699;1.53302
10/04/2013 23:00;1.31008;1.53848
11/04/2013 23:00;1.31113;1.53421
14/04/2013 23:00;1.30333;1.52825
15/04/2013 23:00;1.3177;1.53626
16/04/2013 23:00;1.30304;1.52385
17/04/2013 23:00;1.30497;1.52773
18/04/2013 23:00;1.3051;1.52288
21/04/2013 23:00;1.30662;1.52917
22/04/2013 23:00;1.29981;1.52374
23/04/2013 23:00;1.3016;1.52657
24/04/2013 23:00;1.30111;1.54336
25/04/2013 23:00;1.30274;1.54746
28/04/2013 23:00;1.30969;1.5499
29/04/2013 23:00;1.31668;1.55317
30/04/2013 23:00;1.31795;1.55544
01/05/2013 23:00;1.30646;1.55321
02/05/2013 23:00;1.31131;1.55723
05/05/2013 23:00;1.30757;1.55408
06/05/2013 23:00;1.30787;1.54831
07/05/2013 23:00;1.31522;1.55328
08/05/2013 23:00;1.30423;1.54488
09/05/2013 23:00;1.29899;1.53635
12/05/2013 23:00;1.29747;1.52986
13/05/2013 23:00;1.29189;1.52081
14/05/2013 23:00;1.28862;1.5232
15/05/2013 23:00;1.28812;1.52674
16/05/2013 23:00;1.28381;1.51666
19/05/2013 23:00;1.28809;1.52545
20/05/2013 23:00;1.29057;1.51537
21/05/2013 23:00;1.2858;1.50479
22/05/2013 23:00;1.29328;1.5107
23/05/2013 23:00;1.29323;1.5125
26/05/2013 23:00;1.29292;1.50997
27/05/2013 23:00;1.28547;1.50378
28/05/2013 23:00;1.29403;1.51302
29/05/2013 23:00;1.30481;1.52312
30/05/2013 23:00;1.29953;1.51977
02/06/2013 23:00;1.30757;1.5321
03/06/2013 23:00;1.30805;1.53118
04/06/2013 23:00;1.30927;1.54044
05/06/2013 23:00;1.32457;1.55983
06/06/2013 23:00;1.32187;1.55544
09/06/2013 23:00;1.32568;1.55716
10/06/2013 23:00;1.33129;1.56439
11/06/2013 23:00;1.33365;1.56792
12/06/2013 23:00;1.33759;1.57177
13/06/2013 23:00;1.33467;1.57067
16/06/2013 23:00;1.33666;1.57187
17/06/2013 23:00;1.3392;1.56406
18/06/2013 23:00;1.32937;1.54818
19/06/2013 23:00;1.32202;1.55072
20/06/2013 23:00;1.31215;1.5419
23/06/2013 23:00;1.31193;1.54344
24/06/2013 23:00;1.30812;1.54211
25/06/2013 23:00;1.30119;1.53126
26/06/2013 23:00;1.30385;1.52588
27/06/2013 23:00;1.30096;1.52105
30/06/2013 23:00;1.30637;1.52176
01/07/2013 23:00;1.2978;1.51551
02/07/2013 23:00;1.30092;1.52786
03/07/2013 23:00;1.29134;1.50709
04/07/2013 23:00;1.28303;1.4886
07/07/2013 23:00;1.28704;1.495
08/07/2013 23:00;1.2781;1.48658
09/07/2013 23:00;1.29779;1.50125
10/07/2013 23:00;1.30964;1.51835
11/07/2013 23:00;1.30679;1.51094
14/07/2013 23:00;1.30617;1.50995
15/07/2013 23:00;1.31621;1.51596
16/07/2013 23:00;1.31248;1.52119
17/07/2013 23:00;1.3109;1.52249
18/07/2013 23:00;1.31427;1.52669
21/07/2013 23:00;1.31851;1.53581
22/07/2013 23:00;1.3223;1.53679
23/07/2013 23:00;1.32007;1.53123
24/07/2013 23:00;1.32767;1.5388
25/07/2013 23:00;1.32786;1.53818
28/07/2013 23:00;1.32617;1.53378
29/07/2013 23:00;1.32618;1.52358
30/07/2013 23:00;1.33025;1.52054
31/07/2013 23:00;1.32063;1.51192
01/08/2013 23:00;1.32805;1.52943
04/08/2013 23:00;1.32579;1.53538
05/08/2013 23:00;1.33045;1.53471
06/08/2013 23:00;1.3335;1.54872
07/08/2013 23:00;1.33808;1.55381
08/08/2013 23:00;1.33413;1.54978
11/08/2013 23:00;1.32995;1.54613
12/08/2013 23:00;1.32624;1.54463
13/08/2013 23:00;1.32549;1.54996
14/08/2013 23:00;1.3346;1.56377
15/08/2013 23:00;1.33283;1.56263
18/08/2013 23:00;1.33339;1.56467
19/08/2013 23:00;1.34168;1.56654
20/08/2013 23:00;1.33553;1.56605
21/08/2013 23:00;1.33563;1.55876
22/08/2013 23:00;1.33799;1.55667
25/08/2013 23:00;1.33686;1.55749
26/08/2013 23:00;1.33921;1.55456
27/08/2013 23:00;1.33393;1.55252
28/08/2013 23:00;1.32407;1.55035
29/08/2013 23:00;1.32208;1.55038
01/09/2013 23:00;1.31906;1.55422
02/09/2013 23:00;1.31701;1.55573
03/09/2013 23:00;1.32068;1.56254
04/09/2013 23:00;1.312;1.55895
05/09/2013 23:00;1.31765;1.56272
08/09/2013 23:00;1.32548;1.56946
09/09/2013 23:00;1.32676;1.57328
10/09/2013 23:00;1.33103;1.58158
11/09/2013 23:00;1.3299;1.58058
12/09/2013 23:00;1.3293;1.58721
15/09/2013 23:00;1.33335;1.5896
16/09/2013 23:00;1.33578;1.59026
17/09/2013 23:00;1.35209;1.61434
18/09/2013 23:00;1.35288;1.60305
19/09/2013 23:00;1.3522;1.60027
22/09/2013 23:00;1.34927;1.60422
23/09/2013 23:00;1.34734;1.60028
24/09/2013 23:00;1.35255;1.60799
25/09/2013 23:00;1.34882;1.60404
26/09/2013 23:00;1.3521;1.61359
29/09/2013 23:00;1.35259;1.61843
30/09/2013 23:00;1.35261;1.61948
01/10/2013 23:00;1.35783;1.62215
02/10/2013 23:00;1.3618;1.61557
03/10/2013 23:00;1.35569;1.6006
06/10/2013 23:00;1.35803;1.60943
07/10/2013 23:00;1.35728;1.60825
08/10/2013 23:00;1.35239;1.59525
09/10/2013 23:00;1.35197;1.59668
10/10/2013 23:00;1.35406;1.59485
13/10/2013 23:00;1.35608;1.5981
14/10/2013 23:00;1.35234;1.59965
15/10/2013 23:00;1.35333;1.59487
16/10/2013 23:00;1.36755;1.6164
17/10/2013 23:00;1.36844;1.6164
20/10/2013 23:00;1.36793;1.61461
21/10/2013 23:00;1.37805;1.62346
22/10/2013 23:00;1.37757;1.61625
23/10/2013 23:00;1.38008;1.62005
24/10/2013 23:00;1.38019;1.61621
27/10/2013 23:00;1.37851;1.61405
28/10/2013 23:00;1.3745;1.60459
29/10/2013 23:00;1.37355;1.60385
30/10/2013 23:00;1.35832;1.60355
31/10/2013 23:00;1.34853;1.59215
04/11/2013 00:00;1.35139;1.59676
05/11/2013 00:00;1.3474;1.60447
06/11/2013 00:00;1.35126;1.60787
07/11/2013 00:00;1.34194;1.60966
08/11/2013 00:00;1.33648;1.60178
11/11/2013 00:00;1.34066;1.59884
12/11/2013 00:00;1.34355;1.59038
13/11/2013 00:00;1.34862;1.6056
14/11/2013 00:00;1.34586;1.60649
15/11/2013 00:00;1.34941;1.61159
18/11/2013 00:00;1.35055;1.61087
19/11/2013 00:00;1.35383;1.6119
20/11/2013 00:00;1.34382;1.6104
21/11/2013 00:00;1.34813;1.61985
22/11/2013 00:00;1.35564;1.62243
25/11/2013 00:00;1.35162;1.61542
26/11/2013 00:00;1.35721;1.62145
27/11/2013 00:00;1.35795;1.62864
28/11/2013 00:00;1.36047;1.63414
29/11/2013 00:00;1.35899;1.63622
02/12/2013 00:00;1.35417;1.63551
03/12/2013 00:00;1.35888;1.639
04/12/2013 00:00;1.35931;1.63828
05/12/2013 00:00;1.36673;1.63349
06/12/2013 00:00;1.37035;1.63461
09/12/2013 00:00;1.37388;1.64287
10/12/2013 00:00;1.3761;1.64451
11/12/2013 00:00;1.37859;1.63743
12/12/2013 00:00;1.37529;1.63494
13/12/2013 00:00;1.374;1.6296
16/12/2013 00:00;1.37602;1.62968
17/12/2013 00:00;1.37683;1.62628
18/12/2013 00:00;1.36832;1.63896
19/12/2013 00:00;1.36609;1.63686
20/12/2013 00:00;1.36703;1.63285
23/12/2013 00:00;1.36957;1.63547
24/12/2013 00:00;1.36757;1.63637
25/12/2013 00:00;1.368;1.63506
26/12/2013 00:00;1.36908;1.6409
27/12/2013 00:00;1.37478;1.64807
30/12/2013 00:00;1.38022;1.64997
31/12/2013 00:00;1.3741;1.65489
01/01/2014 00:00;1.3741;1.65501
02/01/2014 00:00;1.36718;1.64513
03/01/2014 00:00;1.35874;1.64171
06/01/2014 00:00;1.36277;1.64048
07/01/2014 00:00;1.36152;1.64014
08/01/2014 00:00;1.35754;1.64482
09/01/2014 00:00;1.36081;1.64801
10/01/2014 00:00;1.36661;1.64785
13/01/2014 00:00;1.36709;1.63829
14/01/2014 00:00;1.36789;1.64383
15/01/2014 00:00;1.36047;1.63698
16/01/2014 00:00;1.36197;1.63534
17/01/2014 00:00;1.35389;1.64206
20/01/2014 00:00;1.35514;1.64274
21/01/2014 00:00;1.35607;1.64758
22/01/2014 00:00;1.35473;1.6574
23/01/2014 00:00;1.3696;1.6637
24/01/2014 00:00;1.36737;1.64772
27/01/2014 00:00;1.36727;1.65841
28/01/2014 00:00;1.36707;1.65793
29/01/2014 00:00;1.36629;1.65619
30/01/2014 00:00;1.35547;1.64844
31/01/2014 00:00;1.34846;1.64352
03/02/2014 00:00;1.35245;1.63036
04/02/2014 00:00;1.35181;1.63246
05/02/2014 00:00;1.35333;1.63087
06/02/2014 00:00;1.35897;1.63205
07/02/2014 00:00;1.36342;1.64077
10/02/2014 00:00;1.36456;1.64023
11/02/2014 00:00;1.36379;1.6448
12/02/2014 00:00;1.35933;1.65948
13/02/2014 00:00;1.36798;1.66578
14/02/2014 00:00;1.36914;1.67476
17/02/2014 00:00;1.37067;1.67139
18/02/2014 00:00;1.37583;1.66827
19/02/2014 00:00;1.37331;1.66789
20/02/2014 00:00;1.37184;1.66505
21/02/2014 00:00;1.37375;1.6615
24/02/2014 00:00;1.37347;1.66557
25/02/2014 00:00;1.37447;1.668
26/02/2014 00:00;1.36865;1.66711
27/02/2014 00:00;1.37096;1.66878
28/02/2014 00:00;1.38;1.674
03/03/2014 00:00;1.37346;1.66659
04/03/2014 00:00;1.3743;1.6664
05/03/2014 00:00;1.37328;1.67201
06/03/2014 00:00;1.38608;1.67392
07/03/2014 00:00;1.38753;1.67135
09/03/2014 23:00;1.3876;1.66439
10/03/2014 23:00;1.38595;1.66162
11/03/2014 23:00;1.39029;1.66176
12/03/2014 23:00;1.38687;1.66238
13/03/2014 23:00;1.39126;1.66502
16/03/2014 23:00;1.39216;1.6636
17/03/2014 23:00;1.39338;1.65922
18/03/2014 23:00;1.38323;1.65385
19/03/2014 23:00;1.37784;1.65024
20/03/2014 23:00;1.37919;1.6484
23/03/2014 23:00;1.38386;1.64971
24/03/2014 23:00;1.38265;1.65292
25/03/2014 23:00;1.3781;1.6581
26/03/2014 23:00;1.37402;1.66104
27/03/2014 23:00;1.37504;1.66372
30/03/2014 23:00;1.3769;1.66615
31/03/2014 23:00;1.37926;1.66291
01/04/2014 23:00;1.37671;1.66254
02/04/2014 23:00;1.37199;1.65973
03/04/2014 23:00;1.37016;1.65671
06/04/2014 23:00;1.37415;1.66064
07/04/2014 23:00;1.37968;1.67471
08/04/2014 23:00;1.38551;1.67927
09/04/2014 23:00;1.38859;1.67838
10/04/2014 23:00;1.38843;1.67295
13/04/2014 23:00;1.38206;1.67282
14/04/2014 23:00;1.38144;1.67286
15/04/2014 23:00;1.38152;1.67959
16/04/2014 23:00;1.38133;1.67932
17/04/2014 23:00;1.38077;1.67905
20/04/2014 23:00;1.37927;1.67907
21/04/2014 23:00;1.38048;1.68235
22/04/2014 23:00;1.38166;1.67811
23/04/2014 23:00;1.38313;1.68015
24/04/2014 23:00;1.38329;1.67959
27/04/2014 23:00;1.3851;1.68062
28/04/2014 23:00;1.38117;1.6827
29/04/2014 23:00;1.38669;1.68729
30/04/2014 23:00;1.3869;1.68924
01/05/2014 23:00;1.38706;1.68688
04/05/2014 23:00;1.3875;1.68664
05/05/2014 23:00;1.39272;1.69743
06/05/2014 23:00;1.391;1.69516
07/05/2014 23:00;1.38396;1.6932
08/05/2014 23:00;1.37553;1.68455
11/05/2014 23:00;1.37571;1.68677
12/05/2014 23:00;1.37033;1.68245
13/05/2014 23:00;1.37144;1.67667
14/05/2014 23:00;1.37092;1.67889
15/05/2014 23:00;1.36926;1.68072
18/05/2014 23:00;1.37089;1.68131
19/05/2014 23:00;1.37011;1.6838
20/05/2014 23:00;1.36862;1.68988
21/05/2014 23:00;1.36556;1.68701
22/05/2014 23:00;1.36275;1.68299
25/05/2014 23:00;1.36455;1.6841
26/05/2014 23:00;1.36342;1.68089
27/05/2014 23:00;1.35905;1.671
28/05/2014 23:00;1.36015;1.67162
29/05/2014 23:00;1.36331;1.67526
01/06/2014 23:00;1.35965;1.67455
02/06/2014 23:00;1.36276;1.67483
03/06/2014 23:00;1.35985;1.67362
04/06/2014 23:00;1.36603;1.6819
05/06/2014 23:00;1.36418;1.67987
08/06/2014 23:00;1.35936;1.68027
09/06/2014 23:00;1.35472;1.67558
10/06/2014 23:00;1.35312;1.67868
11/06/2014 23:00;1.35521;1.69278
12/06/2014 23:00;1.35354;1.69632
15/06/2014 23:00;1.35734;1.69825
16/06/2014 23:00;1.35471;1.69638
17/06/2014 23:00;1.35953;1.69931
18/06/2014 23:00;1.36066;1.70382
19/06/2014 23:00;1.35992;1.70113
22/06/2014 23:00;1.36041;1.70262
23/06/2014 23:00;1.36058;1.69848
24/06/2014 23:00;1.36289;1.69828
25/06/2014 23:00;1.36113;1.70254
26/06/2014 23:00;1.36482;1.70325
29/06/2014 23:00;1.3692;1.7105
30/06/2014 23:00;1.36786;1.71486
01/07/2014 23:00;1.36592;1.71646
02/07/2014 23:00;1.36097;1.71538
03/07/2014 23:00;1.35944;1.71577
06/07/2014 23:00;1.36042;1.71275
07/07/2014 23:00;1.36118;1.71302
08/07/2014 23:00;1.36412;1.71566
09/07/2014 23:00;1.36083;1.7131
10/07/2014 23:00;1.36054;1.70996
13/07/2014 23:00;1.36186;1.70832
14/07/2014 23:00;1.35675;1.71426
15/07/2014 23:00;1.35249;1.71361
16/07/2014 23:00;1.35263;1.70997
17/07/2014 23:00;1.35231;1.70842
20/07/2014 23:00;1.35235;1.70746
21/07/2014 23:00;1.34656;1.7063
22/07/2014 23:00;1.3463;1.7043
23/07/2014 23:00;1.34634;1.69855
24/07/2014 23:00;1.34285;1.69738
27/07/2014 23:00;1.34394;1.69822
28/07/2014 23:00;1.34085;1.69427
29/07/2014 23:00;1.33968;1.69122
30/07/2014 23:00;1.33901;1.68842
31/07/2014 23:00;1.34262;1.68225
03/08/2014 23:00;1.34217;1.68619
04/08/2014 23:00;1.33758;1.6885
05/08/2014 23:00;1.33824;1.68525
06/08/2014 23:00;1.33632;1.68317
07/08/2014 23:00;1.34085;1.6773
10/08/2014 23:00;1.3385;1.67861
11/08/2014 23:00;1.3369;1.68109
12/08/2014 23:00;1.3364;1.6688
13/08/2014 23:00;1.33646;1.66852
14/08/2014 23:00;1.33976;1.66888
17/08/2014 23:00;1.33634;1.67269
18/08/2014 23:00;1.33198;1.66163
19/08/2014 23:00;1.32587;1.65947
20/08/2014 23:00;1.32805;1.6579
21/08/2014 23:00;1.32392;1.65669
24/08/2014 23:00;1.31919;1.65777
25/08/2014 23:00;1.31669;1.6539
26/08/2014 23:00;1.31926;1.6575
27/08/2014 23:00;1.31817;1.65854
28/08/2014 23:00;1.31311;1.65958
31/08/2014 23:00;1.3128;1.6606
01/09/2014 23:00;1.31329;1.64688
02/09/2014 23:00;1.31496;1.64602
03/09/2014 23:00;1.29432;1.63306
04/09/2014 23:00;1.29505;1.63241
07/09/2014 23:00;1.28944;1.61031
08/09/2014 23:00;1.2937;1.61056
09/09/2014 23:00;1.29166;1.62092
10/09/2014 23:00;1.29235;1.6253
11/09/2014 23:00;1.29616;1.62627
14/09/2014 23:00;1.29397;1.6232
15/09/2014 23:00;1.29593;1.62767
16/09/2014 23:00;1.28644;1.62745
17/09/2014 23:00;1.29214;1.63893
18/09/2014 23:00;1.28281;1.62855
21/09/2014 23:00;1.28488;1.63607
22/09/2014 23:00;1.28464;1.6387
23/09/2014 23:00;1.278;1.63386
24/09/2014 23:00;1.27502;1.63154
25/09/2014 23:00;1.2682;1.62387
28/09/2014 23:00;1.26848;1.624
29/09/2014 23:00;1.263;1.62119
30/09/2014 23:00;1.26223;1.61845
01/10/2014 23:00;1.26685;1.61433
02/10/2014 23:00;1.25145;1.59675
05/10/2014 23:00;1.26546;1.60816
06/10/2014 23:00;1.26687;1.60943
07/10/2014 23:00;1.27333;1.61673
08/10/2014 23:00;1.26902;1.61167
09/10/2014 23:00;1.26268;1.60722
12/10/2014 23:00;1.27514;1.60841
13/10/2014 23:00;1.26575;1.59022
14/10/2014 23:00;1.28374;1.60197
15/10/2014 23:00;1.28086;1.60857
16/10/2014 23:00;1.27589;1.60912
19/10/2014 23:00;1.28;1.61623
20/10/2014 23:00;1.27157;1.61123
21/10/2014 23:00;1.26483;1.60496
22/10/2014 23:00;1.26457;1.60279
23/10/2014 23:00;1.26688;1.60855
26/10/2014 23:00;1.2698;1.61187
27/10/2014 23:00;1.27342;1.61291
28/10/2014 23:00;1.26311;1.60103
29/10/2014 23:00;1.26129;1.60001
30/10/2014 23:00;1.25224;1.59904
03/11/2014 00:00;1.24811;1.59702
04/11/2014 00:00;1.2546;1.60014
05/11/2014 00:00;1.24857;1.59744
06/11/2014 00:00;1.23746;1.58306
07/11/2014 00:00;1.24533;1.5866
10/11/2014 00:00;1.24206;1.58412
11/11/2014 00:00;1.24746;1.59165
12/11/2014 00:00;1.2438;1.5777
13/11/2014 00:00;1.24765;1.57098
14/11/2014 00:00;1.25249;1.56649
17/11/2014 00:00;1.24496;1.56399
18/11/2014 00:00;1.25362;1.56316
19/11/2014 00:00;1.25537;1.56805
20/11/2014 00:00;1.25389;1.56906
21/11/2014 00:00;1.23871;1.56457
24/11/2014 00:00;1.24421;1.57046
25/11/2014 00:00;1.2474;1.57065
26/11/2014 00:00;1.25055;1.57902
27/11/2014 00:00;1.24669;1.57344
28/11/2014 00:00;1.24497;1.56399
01/12/2014 00:00;1.24689;1.57284
02/12/2014 00:00;1.23827;1.56372
03/12/2014 00:00;1.2311;1.56843
04/12/2014 00:00;1.23786;1.56719
05/12/2014 00:00;1.22825;1.55768
08/12/2014 00:00;1.23172;1.56508
09/12/2014 00:00;1.23738;1.56658
10/12/2014 00:00;1.24476;1.57143
11/12/2014 00:00;1.24099;1.57301
12/12/2014 00:00;1.24595;1.57145
15/12/2014 00:00;1.24363;1.5637
16/12/2014 00:00;1.25101;1.57484
17/12/2014 00:00;1.23415;1.55732
18/12/2014 00:00;1.22861;1.5668
19/12/2014 00:00;1.22265;1.5617
22/12/2014 00:00;1.22289;1.55882
23/12/2014 00:00;1.21716;1.55187
24/12/2014 00:00;1.21953;1.55534
25/12/2014 00:00;1.22273;1.55544
26/12/2014 00:00;1.21777;1.55512
29/12/2014 00:00;1.21518;1.55153
30/12/2014 00:00;1.21547;1.55605
31/12/2014 00:00;1.20971;1.5574
01/01/2015 00:00;1.20976;1.55711
02/01/2015 00:00;1.20017;1.53252
05/01/2015 00:00;1.19324;1.52472
06/01/2015 00:00;1.1889;1.51502
07/01/2015 00:00;1.1839;1.51098
08/01/2015 00:00;1.17919;1.50887
09/01/2015 00:00;1.18406;1.51554
12/01/2015 00:00;1.18335;1.51712
13/01/2015 00:00;1.17727;1.5158
14/01/2015 00:00;1.1789;1.52304
15/01/2015 00:00;1.16301;1.51793
16/01/2015 00:00;1.15626;1.5137
19/01/2015 00:00;1.16069;1.5111
20/01/2015 00:00;1.15483;1.51426
21/01/2015 00:00;1.16097;1.51413
22/01/2015 00:00;1.13649;1.50084
23/01/2015 00:00;1.1202;1.49855
26/01/2015 00:00;1.12387;1.50784
27/01/2015 00:00;1.13804;1.51961
28/01/2015 00:00;1.12865;1.51357
29/01/2015 00:00;1.13195;1.50642
30/01/2015 00:00;1.1285;1.50594
02/02/2015 00:00;1.13412;1.50383
03/02/2015 00:00;1.14794;1.51649
04/02/2015 00:00;1.13428;1.51791
05/02/2015 00:00;1.14769;1.53273
06/02/2015 00:00;1.13128;1.52363
09/02/2015 00:00;1.13233;1.52148
10/02/2015 00:00;1.13203;1.52526
11/02/2015 00:00;1.1335;1.52307
12/02/2015 00:00;1.14027;1.53827
13/02/2015 00:00;1.13877;1.53837
16/02/2015 00:00;1.13533;1.53603
17/02/2015 00:00;1.14111;1.53513
18/02/2015 00:00;1.13967;1.54345
19/02/2015 00:00;1.13681;1.54129
20/02/2015 00:00;1.13773;1.53917
23/02/2015 00:00;1.1334;1.54557
24/02/2015 00:00;1.13393;1.54513
25/02/2015 00:00;1.13604;1.55276
26/02/2015 00:00;1.11974;1.54033
27/02/2015 00:00;1.1197;1.54319
02/03/2015 00:00;1.11828;1.53649
03/03/2015 00:00;1.11755;1.53589
04/03/2015 00:00;1.10774;1.52628
05/03/2015 00:00;1.10293;1.52378
06/03/2015 00:00;1.0844;1.50332
08/03/2015 23:00;1.08512;1.51271
09/03/2015 23:00;1.06974;1.50666
10/03/2015 23:00;1.05466;1.49272
11/03/2015 23:00;1.06338;1.48817
12/03/2015 23:00;1.04943;1.47412
15/03/2015 23:00;1.05667;1.4827
16/03/2015 23:00;1.05972;1.47477
17/03/2015 23:00;1.08617;1.49771
18/03/2015 23:00;1.06585;1.47499
19/03/2015 23:00;1.0816;1.49594
22/03/2015 23:00;1.09456;1.49501
23/03/2015 23:00;1.09235;1.48489
24/03/2015 23:00;1.09698;1.48806
25/03/2015 23:00;1.08837;1.48475
26/03/2015 23:00;1.08874;1.48751
29/03/2015 23:00;1.08327;1.48094
30/03/2015 23:00;1.07308;1.48155
31/03/2015 23:00;1.07624;1.4822
01/04/2015 23:00;1.08795;1.48266
02/04/2015 23:00;1.09713;1.49089
05/04/2015 23:00;1.09217;1.48749
06/04/2015 23:00;1.08141;1.48067
07/04/2015 23:00;1.07805;1.48652
08/04/2015 23:00;1.06587;1.47116
09/04/2015 23:00;1.06022;1.46318
12/04/2015 23:00;1.05669;1.46732
13/04/2015 23:00;1.06541;1.47782
14/04/2015 23:00;1.06834;1.48406
15/04/2015 23:00;1.07605;1.49306
16/04/2015 23:00;1.08048;1.49584
19/04/2015 23:00;1.07374;1.4904
20/04/2015 23:00;1.07354;1.49252
21/04/2015 23:00;1.07248;1.50352
22/04/2015 23:00;1.08234;1.5053
23/04/2015 23:00;1.08706;1.51865
26/04/2015 23:00;1.08909;1.52368
27/04/2015 23:00;1.09802;1.53379
28/04/2015 23:00;1.1128;1.54355
29/04/2015 23:00;1.12236;1.53512
30/04/2015 23:00;1.11948;1.51344
03/05/2015 23:00;1.11454;1.51185
04/05/2015 23:00;1.11848;1.51806
05/05/2015 23:00;1.13459;1.52434
06/05/2015 23:00;1.12662;1.52424
07/05/2015 23:00;1.12015;1.54524
10/05/2015 23:00;1.11546;1.55844
11/05/2015 23:00;1.12127;1.56687
12/05/2015 23:00;1.13536;1.5744
13/05/2015 23:00;1.14097;1.57753
14/05/2015 23:00;1.14484;1.57286
17/05/2015 23:00;1.13141;1.56521
18/05/2015 23:00;1.11493;1.55092
19/05/2015 23:00;1.10937;1.55341
20/05/2015 23:00;1.11117;1.5661
21/05/2015 23:00;1.10074;1.54789
24/05/2015 23:00;1.09766;1.54674
25/05/2015 23:00;1.08719;1.53831
26/05/2015 23:00;1.09038;1.53515
27/05/2015 23:00;1.09474;1.53141
28/05/2015 23:00;1.09831;1.52899
31/05/2015 23:00;1.09259;1.52001
01/06/2015 23:00;1.11504;1.5343
02/06/2015 23:00;1.1274;1.53391
03/06/2015 23:00;1.12375;1.53628
04/06/2015 23:00;1.11124;1.52634
07/06/2015 23:00;1.12906;1.53476
08/06/2015 23:00;1.12822;1.53836
09/06/2015 23:00;1.13237;1.5529
10/06/2015 23:00;1.12573;1.5516
11/06/2015 23:00;1.12648;1.55558
14/06/2015 23:00;1.12826;1.55998
15/06/2015 23:00;1.12471;1.56463
16/06/2015 23:00;1.13372;1.58306
17/06/2015 23:00;1.136;1.58771
18/06/2015 23:00;1.13487;1.58821
21/06/2015 23:00;1.13402;1.58237
22/06/2015 23:00;1.11677;1.57292
23/06/2015 23:00;1.1204;1.57033
24/06/2015 23:00;1.12045;1.57481
25/06/2015 23:00;1.11625;1.57398
28/06/2015 23:00;1.12356;1.5736
29/06/2015 23:00;1.11445;1.57135
30/06/2015 23:00;1.10523;1.56153
01/07/2015 23:00;1.10832;1.56068
02/07/2015 23:00;1.11092;1.55665
05/07/2015 23:00;1.10556;1.56013
06/07/2015 23:00;1.10107;1.54613
07/07/2015 23:00;1.10758;1.53605
08/07/2015 23:00;1.10356;1.53795
09/07/2015 23:00;1.11519;1.55061
12/07/2015 23:00;1.10006;1.54844
13/07/2015 23:00;1.10083;1.56352
14/07/2015 23:00;1.09485;1.5637
15/07/2015 23:00;1.08731;1.56064
16/07/2015 23:00;1.08279;1.56015
19/07/2015 23:00;1.0825;1.55598
20/07/2015 23:00;1.09342;1.55528
21/07/2015 23:00;1.09286;1.56117
22/07/2015 23:00;1.09827;1.55114
23/07/2015 23:00;1.09812;1.55049
26/07/2015 23:00;1.10871;1.55578
27/07/2015 23:00;1.10596;1.5611
28/07/2015 23:00;1.09818;1.55961
29/07/2015 23:00;1.0931;1.55991
30/07/2015 23:00;1.0983;1.56146
02/08/2015 23:00;1.09491;1.5584
03/08/2015 23:00;1.08806;1.55603
04/08/2015 23:00;1.09056;1.5601
05/08/2015 23:00;1.0924;1.55113
06/08/2015 23:00;1.09647;1.54894
09/08/2015 23:00;1.10185;1.55897
10/08/2015 23:00;1.10416;1.55679
11/08/2015 23:00;1.11574;1.56094
12/08/2015 23:00;1.11491;1.56069
13/08/2015 23:00;1.11079;1.56385
16/08/2015 23:00;1.10777;1.55832
17/08/2015 23:00;1.10216;1.56579
18/08/2015 23:00;1.11198;1.56781
19/08/2015 23:00;1.124;1.56891
20/08/2015 23:00;1.13828;1.56888
23/08/2015 23:00;1.16176;1.57726
24/08/2015 23:00;1.15141;1.56863
25/08/2015 23:00;1.13126;1.54599
26/08/2015 23:00;1.12458;1.54014
27/08/2015 23:00;1.118;1.53881
30/08/2015 23:00;1.12099;1.5343
31/08/2015 23:00;1.13131;1.53024
01/09/2015 23:00;1.12256;1.52981
02/09/2015 23:00;1.11228;1.52555
03/09/2015 23:00;1.11499;1.5165
06/09/2015 23:00;1.11693;1.52704
07/09/2015 23:00;1.12018;1.53932
08/09/2015 23:00;1.12062;1.53661
09/09/2015 23:00;1.1279;1.54431
10/09/2015 23:00;1.13348;1.54263
13/09/2015 23:00;1.13158;1.54254
14/09/2015 23:00;1.12681;1.53427
15/09/2015 23:00;1.12894;1.54892
16/09/2015 23:00;1.14341;1.55891
17/09/2015 23:00;1.12974;1.55223
20/09/2015 23:00;1.1189;1.55054
21/09/2015 23:00;1.11188;1.53621
22/09/2015 23:00;1.11855;1.52404
23/09/2015 23:00;1.12291;1.52418
24/09/2015 23:00;1.11922;1.51748
27/09/2015 23:00;1.12437;1.51715
28/09/2015 23:00;1.12474;1.51476
29/09/2015 23:00;1.11764;1.51271
30/09/2015 23:00;1.11943;1.51293
01/10/2015 23:00;1.12077;1.51809
04/10/2015 23:00;1.11863;1.51448
05/10/2015 23:00;1.12706;1.52236
06/10/2015 23:00;1.12369;1.53169
07/10/2015 23:00;1.12758;1.53451
08/10/2015 23:00;1.13571;1.53041
11/10/2015 23:00;1.13581;1.53475
12/10/2015 23:00;1.13783;1.52468
13/10/2015 23:00;1.1474;1.54762
14/10/2015 23:00;1.1383;1.54526
15/10/2015 23:00;1.13466;1.5432
18/10/2015 23:00;1.13256;1.54636
19/10/2015 23:00;1.13459;1.54422
20/10/2015 23:00;1.13388;1.54173
21/10/2015 23:00;1.11083;1.53931
22/10/2015 23:00;1.10165;1.53105
25/10/2015 23:00;1.10576;1.53504
26/10/2015 23:00;1.10509;1.52991
27/10/2015 23:00;1.09224;1.52598
28/10/2015 23:00;1.09764;1.53092
29/10/2015 23:00;1.10033;1.54265
02/11/2015 00:00;1.10148;1.54164
03/11/2015 00:00;1.09625;1.54203
04/11/2015 00:00;1.08647;1.53837
05/11/2015 00:00;1.08833;1.52069
06/11/2015 00:00;1.07377;1.50412
09/11/2015 00:00;1.07511;1.51134
10/11/2015 00:00;1.07241;1.51176
11/11/2015 00:00;1.07423;1.521
12/11/2015 00:00;1.08126;1.52309
13/11/2015 00:00;1.07701;1.52348
16/11/2015 00:00;1.06858;1.52012
17/11/2015 00:00;1.06419;1.52109
18/11/2015 00:00;1.06589;1.52352
19/11/2015 00:00;1.07332;1.52894
20/11/2015 00:00;1.0645;1.51855
23/11/2015 00:00;1.06362;1.51224
24/11/2015 00:00;1.06427;1.50787
25/11/2015 00:00;1.06247;1.51277
26/11/2015 00:00;1.06097;1.51006
27/11/2015 00:00;1.05923;1.50297
30/11/2015 00:00;1.05638;1.50546
01/12/2015 00:00;1.0632;1.50805
02/12/2015 00:00;1.06132;1.49511
03/12/2015 00:00;1.09387;1.51425
04/12/2015 00:00;1.08818;1.51032
07/12/2015 00:00;1.08369;1.50537
08/12/2015 00:00;1.08916;1.50057
09/12/2015 00:00;1.10238;1.51798
10/12/2015 00:00;1.09402;1.51586
11/12/2015 00:00;1.09928;1.52174
14/12/2015 00:00;1.09913;1.51407
15/12/2015 00:00;1.09284;1.50358
16/12/2015 00:00;1.09116;1.5001
17/12/2015 00:00;1.08254;1.48955
18/12/2015 00:00;1.08632;1.48905
21/12/2015 00:00;1.09142;1.48825
22/12/2015 00:00;1.0956;1.48255
23/12/2015 00:00;1.09111;1.48695
24/12/2015 00:00;1.09602;1.49009
25/12/2015 00:00;1.09646;1.49266
28/12/2015 00:00;1.09672;1.48786
29/12/2015 00:00;1.09195;1.48125
30/12/2015 00:00;1.09318;1.48127
31/12/2015 00:00;1.08564;1.47293
01/01/2016 00:00;1.08564;1.47293
04/01/2016 00:00;1.08296;1.47121
05/01/2016 00:00;1.07476;1.46732
06/01/2016 00:00;1.078;1.46296
07/01/2016 00:00;1.09292;1.46164
08/01/2016 00:00;1.09235;1.45175
11/01/2016 00:00;1.0859;1.45407
12/01/2016 00:00;1.0857;1.44473
13/01/2016 00:00;1.08769;1.44053
14/01/2016 00:00;1.08645;1.44109
15/01/2016 00:00;1.0915;1.42485
18/01/2016 00:00;1.0891;1.42416
19/01/2016 00:00;1.09073;1.4157
20/01/2016 00:00;1.08883;1.41897
21/01/2016 00:00;1.08733;1.42205
22/01/2016 00:00;1.07947;1.42619
25/01/2016 00:00;1.08486;1.42479
26/01/2016 00:00;1.08697;1.43493
27/01/2016 00:00;1.08932;1.42325
28/01/2016 00:00;1.09391;1.43579
29/01/2016 00:00;1.083;1.42409
01/02/2016 00:00;1.08877;1.44311
02/02/2016 00:00;1.09184;1.44076
03/02/2016 00:00;1.11029;1.46004
04/02/2016 00:00;1.12072;1.45878
05/02/2016 00:00;1.11561;1.44999
08/02/2016 00:00;1.11926;1.44313
09/02/2016 00:00;1.12923;1.4469
10/02/2016 00:00;1.1289;1.45209
11/02/2016 00:00;1.13224;1.44753
12/02/2016 00:00;1.12532;1.44996
15/02/2016 00:00;1.11544;1.44317
16/02/2016 00:00;1.11433;1.4302
17/02/2016 00:00;1.11267;1.42876
18/02/2016 00:00;1.11062;1.43328
19/02/2016 00:00;1.11284;1.44014
22/02/2016 00:00;1.10292;1.4149
23/02/2016 00:00;1.1019;1.40212
24/02/2016 00:00;1.10132;1.39246
25/02/2016 00:00;1.10176;1.396
26/02/2016 00:00;1.093;1.3869
29/02/2016 00:00;1.08728;1.39136
01/03/2016 00:00;1.08659;1.39522
02/03/2016 00:00;1.08676;1.40767
03/03/2016 00:00;1.09562;1.41742
04/03/2016 00:00;1.10055;1.4229
07/03/2016 00:00;1.10133;1.42621
08/03/2016 00:00;1.10104;1.42137
09/03/2016 00:00;1.09994;1.42149
10/03/2016 00:00;1.11766;1.42769
11/03/2016 00:00;1.11468;1.43821
13/03/2016 23:00;1.11018;1.43009
14/03/2016 23:00;1.11087;1.41488
15/03/2016 23:00;1.12237;1.42573
16/03/2016 23:00;1.13177;1.44794
17/03/2016 23:00;1.12696;1.4475
20/03/2016 23:00;1.1241;1.43673
21/03/2016 23:00;1.12164;1.42056
22/03/2016 23:00;1.11799;1.41141
23/03/2016 23:00;1.11744;1.41515
24/03/2016 23:00;1.11624;1.41211
27/03/2016 23:00;1.1196;1.42534
28/03/2016 23:00;1.12901;1.43792
29/03/2016 23:00;1.13368;1.43774
30/03/2016 23:00;1.13783;1.43589
31/03/2016 23:00;1.13899;1.42211
03/04/2016 23:00;1.13885;1.42621
04/04/2016 23:00;1.1383;1.41601
05/04/2016 23:00;1.13986;1.41207
06/04/2016 23:00;1.1377;1.40553
07/04/2016 23:00;1.1395;1.41231
10/04/2016 23:00;1.14074;1.42348
11/04/2016 23:00;1.1384;1.42736
12/04/2016 23:00;1.12733;1.42026
13/04/2016 23:00;1.12676;1.41521
14/04/2016 23:00;1.12823;1.41982
17/04/2016 23:00;1.13123;1.42768
18/04/2016 23:00;1.13573;1.43969
19/04/2016 23:00;1.12965;1.43307
20/04/2016 23:00;1.12869;1.43222
21/04/2016 23:00;1.12227;1.43983
24/04/2016 23:00;1.12669;1.44806
25/04/2016 23:00;1.12954;1.45793
26/04/2016 23:00;1.13209;1.45404
27/04/2016 23:00;1.13514;1.46062
28/04/2016 23:00;1.14503;1.46085
01/05/2016 23:00;1.15336;1.46722
02/05/2016 23:00;1.14956;1.45335
03/05/2016 23:00;1.14851;1.44926
04/05/2016 23:00;1.14048;1.4484
05/05/2016 23:00;1.14021;1.44203
08/05/2016 23:00;1.13832;1.44051
09/05/2016 23:00;1.13715;1.44389
10/05/2016 23:00;1.14257;1.44463
11/05/2016 23:00;1.13762;1.44472
12/05/2016 23:00;1.13097;1.43546
15/05/2016 23:00;1.13191;1.44008
16/05/2016 23:00;1.13124;1.44609
17/05/2016 23:00;1.12159;1.45973
18/05/2016 23:00;1.12024;1.46089
19/05/2016 23:00;1.12222;1.44988
22/05/2016 23:00;1.12196;1.44835
23/05/2016 23:00;1.11405;1.46319
24/05/2016 23:00;1.11543;1.4695
25/05/2016 23:00;1.11935;1.46684
26/05/2016 23:00;1.11116;1.46152
29/05/2016 23:00;1.11365;1.4639
30/05/2016 23:00;1.11316;1.44806
31/05/2016 23:00;1.11878;1.44143
01/06/2016 23:00;1.11504;1.44206
02/06/2016 23:00;1.13658;1.45075
05/06/2016 23:00;1.13534;1.44387
06/06/2016 23:00;1.13567;1.45432
07/06/2016 23:00;1.13942;1.45017
08/06/2016 23:00;1.13147;1.44543
09/06/2016 23:00;1.12498;1.42485
12/06/2016 23:00;1.12901;1.42679
13/06/2016 23:00;1.12068;1.41094
14/06/2016 23:00;1.12588;1.42019
15/06/2016 23:00;1.12237;1.42006
16/06/2016 23:00;1.12732;1.43535
19/06/2016 23:00;1.13103;1.46971
20/06/2016 23:00;1.1242;1.4642
21/06/2016 23:00;1.1296;1.47029
22/06/2016 23:00;1.13798;1.48667
23/06/2016 23:00;1.10913;1.36595
26/06/2016 23:00;1.10238;1.32192
27/06/2016 23:00;1.10633;1.33379
28/06/2016 23:00;1.11235;1.34249
29/06/2016 23:00;1.11064;1.33076
30/06/2016 23:00;1.11365;1.32718
03/07/2016 23:00;1.11523;1.32854
04/07/2016 23:00;1.10746;1.3021
05/07/2016 23:00;1.10996;1.29284
06/07/2016 23:00;1.10617;1.2905
07/07/2016 23:00;1.10497;1.29529
10/07/2016 23:00;1.10564;1.29937
11/07/2016 23:00;1.10599;1.32446
12/07/2016 23:00;1.10892;1.31439
13/07/2016 23:00;1.11169;1.33411
14/07/2016 23:00;1.10295;1.31838
17/07/2016 23:00;1.10749;1.32548
18/07/2016 23:00;1.10195;1.31091
19/07/2016 23:00;1.10134;1.32028
20/07/2016 23:00;1.10243;1.32318
21/07/2016 23:00;1.09754;1.3109
24/07/2016 23:00;1.09947;1.31354
25/07/2016 23:00;1.09862;1.31277
26/07/2016 23:00;1.10579;1.32211
27/07/2016 23:00;1.10755;1.31608
28/07/2016 23:00;1.11726;1.32224
31/07/2016 23:00;1.11611;1.31741
01/08/2016 23:00;1.12215;1.33549
02/08/2016 23:00;1.11491;1.33234
03/08/2016 23:00;1.11273;1.31056
04/08/2016 23:00;1.10854;1.30669
07/08/2016 23:00;1.10877;1.30388
08/08/2016 23:00;1.11163;1.30008
09/08/2016 23:00;1.11753;1.30083
10/08/2016 23:00;1.11372;1.29553
11/08/2016 23:00;1.11621;1.29148
14/08/2016 23:00;1.11832;1.28771
15/08/2016 23:00;1.1278;1.30453
16/08/2016 23:00;1.12883;1.30407
17/08/2016 23:00;1.13529;1.31643
18/08/2016 23:00;1.13216;1.30736
21/08/2016 23:00;1.132;1.31367
22/08/2016 23:00;1.13052;1.3197
23/08/2016 23:00;1.12636;1.32312
24/08/2016 23:00;1.1284;1.31902
25/08/2016 23:00;1.11951;1.31297
28/08/2016 23:00;1.11885;1.3103
29/08/2016 23:00;1.1143;1.3076
30/08/2016 23:00;1.11574;1.31371
31/08/2016 23:00;1.11965;1.32672
01/09/2016 23:00;1.11539;1.32906
04/09/2016 23:00;1.11468;1.3301
05/09/2016 23:00;1.1255;1.3438
06/09/2016 23:00;1.12392;1.33394
07/09/2016 23:00;1.12596;1.32911
08/09/2016 23:00;1.12318;1.32606
11/09/2016 23:00;1.12348;1.33353
12/09/2016 23:00;1.12184;1.31913
13/09/2016 23:00;1.12487;1.32327
14/09/2016 23:00;1.12436;1.32369
15/09/2016 23:00;1.11509;1.29953
18/09/2016 23:00;1.11736;1.30277
19/09/2016 23:00;1.11503;1.29874
20/09/2016 23:00;1.1187;1.3028
21/09/2016 23:00;1.1208;1.30746
22/09/2016 23:00;1.12237;1.29604
25/09/2016 23:00;1.12532;1.29743
26/09/2016 23:00;1.12146;1.30216
27/09/2016 23:00;1.12172;1.30152
28/09/2016 23:00;1.12213;1.29677
29/09/2016 23:00;1.12392;1.29737
02/10/2016 23:00;1.12104;1.28392
03/10/2016 23:00;1.12027;1.27264
04/10/2016 23:00;1.12044;1.27458
05/10/2016 23:00;1.11497;1.2614
06/10/2016 23:00;1.11986;1.2427
09/10/2016 23:00;1.11375;1.23599
10/10/2016 23:00;1.10529;1.21196
11/10/2016 23:00;1.10062;1.22045
12/10/2016 23:00;1.1055;1.22512
13/10/2016 23:00;1.09715;1.2181
16/10/2016 23:00;1.09995;1.21797
17/10/2016 23:00;1.09807;1.22964
18/10/2016 23:00;1.09736;1.22859
19/10/2016 23:00;1.09292;1.22515
20/10/2016 23:00;1.08818;1.2228
23/10/2016 23:00;1.08811;1.22362
24/10/2016 23:00;1.08879;1.21847
25/10/2016 23:00;1.09076;1.22453
26/10/2016 23:00;1.08952;1.21609
27/10/2016 23:00;1.09824;1.21833
30/10/2016 23:00;1.098;1.22435
31/10/2016 23:00;1.10552;1.22407
01/11/2016 23:00;1.10972;1.2301
02/11/2016 23:00;1.11042;1.24584
03/11/2016 23:00;1.11378;1.25177
07/11/2016 00:00;1.10401;1.23937
08/11/2016 00:00;1.10256;1.2372
09/11/2016 00:00;1.09094;1.24025
10/11/2016 00:00;1.08914;1.25518
11/11/2016 00:00;1.08516;1.25954
14/11/2016 00:00;1.07364;1.2486
15/11/2016 00:00;1.07206;1.2455
16/11/2016 00:00;1.06906;1.24389
17/11/2016 00:00;1.06262;1.24107
18/11/2016 00:00;1.05866;1.23366
21/11/2016 00:00;1.06272;1.24881
22/11/2016 00:00;1.0626;1.24223
23/11/2016 00:00;1.05534;1.24371
24/11/2016 00:00;1.05518;1.24448
25/11/2016 00:00;1.05901;1.24843
28/11/2016 00:00;1.06133;1.24128
29/11/2016 00:00;1.06492;1.24892
30/11/2016 00:00;1.05881;1.25039
01/12/2016 00:00;1.06607;1.25875
02/12/2016 00:00;1.06632;1.27265
05/12/2016 00:00;1.07635;1.27305
06/12/2016 00:00;1.07185;1.2676
07/12/2016 00:00;1.07526;1.26238
08/12/2016 00:00;1.06144;1.2583
09/12/2016 00:00;1.05591;1.25646
12/12/2016 00:00;1.06342;1.26718
13/12/2016 00:00;1.06246;1.26564
14/12/2016 00:00;1.05335;1.25593
15/12/2016 00:00;1.04131;1.2416
16/12/2016 00:00;1.04483;1.24856
19/12/2016 00:00;1.04027;1.23918
20/12/2016 00:00;1.03882;1.23642
21/12/2016 00:00;1.04237;1.23505
22/12/2016 00:00;1.0436;1.22809
23/12/2016 00:00;1.04532;1.22871
26/12/2016 00:00;1.04511;1.22805
27/12/2016 00:00;1.04553;1.22661
28/12/2016 00:00;1.04112;1.22238
29/12/2016 00:00;1.04894;1.22571
30/12/2016 00:00;1.0515;1.23399
02/01/2017 00:00;1.04542;1.22744
03/01/2017 00:00;1.04054;1.2236
04/01/2017 00:00;1.04889;1.23208
05/01/2017 00:00;1.06058;1.24147
06/01/2017 00:00;1.0529;1.22798
09/01/2017 00:00;1.05726;1.21581
10/01/2017 00:00;1.0554;1.21752
11/01/2017 00:00;1.05822;1.22085
12/01/2017 00:00;1.06123;1.21604
13/01/2017 00:00;1.0642;1.2175
16/01/2017 00:00;1.05986;1.20411
17/01/2017 00:00;1.07135;1.24128
18/01/2017 00:00;1.06293;1.22574
19/01/2017 00:00;1.06634;1.23418
20/01/2017 00:00;1.0699;1.23741
23/01/2017 00:00;1.07634;1.2532
24/01/2017 00:00;1.0731;1.25194
25/01/2017 00:00;1.0747;1.26303
26/01/2017 00:00;1.06827;1.25914
27/01/2017 00:00;1.06958;1.25447
30/01/2017 00:00;1.06948;1.2484
31/01/2017 00:00;1.07974;1.25777
01/02/2017 00:00;1.07681;1.26568
02/02/2017 00:00;1.07578;1.25236
03/02/2017 00:00;1.07818;1.24765
06/02/2017 00:00;1.07494;1.24651
07/02/2017 00:00;1.0683;1.25075
08/02/2017 00:00;1.06983;1.2541
09/02/2017 00:00;1.06545;1.24942
10/02/2017 00:00;1.06397;1.24835
13/02/2017 00:00;1.05979;1.25239
14/02/2017 00:00;1.05774;1.24664
15/02/2017 00:00;1.05999;1.24589
16/02/2017 00:00;1.06733;1.24887
17/02/2017 00:00;1.06114;1.24069
20/02/2017 00:00;1.06108;1.24597
21/02/2017 00:00;1.05366;1.2473
22/02/2017 00:00;1.05573;1.24419
23/02/2017 00:00;1.05815;1.25561
24/02/2017 00:00;1.05595;1.24561
27/02/2017 00:00;1.05859;1.24426
28/02/2017 00:00;1.05762;1.238
01/03/2017 00:00;1.05471;1.22922
02/03/2017 00:00;1.05064;1.2265
03/03/2017 00:00;1.06203;1.22915
06/03/2017 00:00;1.05807;1.22352
07/03/2017 00:00;1.05663;1.21984
08/03/2017 00:00;1.05402;1.2165
09/03/2017 00:00;1.05766;1.21642
10/03/2017 00:00;1.06728;1.21636
12/03/2017 23:00;1.06536;1.22178
13/03/2017 23:00;1.06035;1.21487
14/03/2017 23:00;1.07339;1.22911
15/03/2017 23:00;1.07652;1.23586
16/03/2017 23:00;1.07382;1.23945
19/03/2017 23:00;1.07393;1.23578
20/03/2017 23:00;1.08097;1.24769
21/03/2017 23:00;1.07963;1.2483
22/03/2017 23:00;1.0783;1.25199
23/03/2017 23:00;1.07969;1.2471
26/03/2017 23:00;1.08638;1.25572
27/03/2017 23:00;1.08125;1.24473
28/03/2017 23:00;1.07655;1.24347
29/03/2017 23:00;1.06744;1.24676
30/03/2017 23:00;1.06528;1.25512
02/04/2017 23:00;1.06691;1.24839
03/04/2017 23:00;1.06729;1.24382
04/04/2017 23:00;1.06627;1.2482
05/04/2017 23:00;1.06438;1.24677
06/04/2017 23:00;1.05889;1.23678
09/04/2017 23:00;1.05957;1.24117
10/04/2017 23:00;1.06042;1.24893
11/04/2017 23:00;1.06651;1.25387
12/04/2017 23:00;1.06131;1.25008
13/04/2017 23:00;1.06105;1.25172
16/04/2017 23:00;1.06424;1.25631
17/04/2017 23:00;1.07296;1.284
18/04/2017 23:00;1.07101;1.27772
19/04/2017 23:00;1.07165;1.2809
20/04/2017 23:00;1.07237;1.28022
23/04/2017 23:00;1.08672;1.27943
24/04/2017 23:00;1.09258;1.28414
25/04/2017 23:00;1.09037;1.28464
26/04/2017 23:00;1.08718;1.29036
27/04/2017 23:00;1.08961;1.29476
30/04/2017 23:00;1.08982;1.28838
01/05/2017 23:00;1.09293;1.29382
02/05/2017 23:00;1.08856;1.28663
03/05/2017 23:00;1.09845;1.29214
04/05/2017 23:00;1.0995;1.29753
07/05/2017 23:00;1.09235;1.29363
08/05/2017 23:00;1.0873;1.29307
09/05/2017 23:00;1.08673;1.29375
10/05/2017 23:00;1.08612;1.28867
11/05/2017 23:00;1.0931;1.28848
14/05/2017 23:00;1.09749;1.2892
15/05/2017 23:00;1.10826;1.29155
16/05/2017 23:00;1.11584;1.2969
17/05/2017 23:00;1.11028;1.29348
18/05/2017 23:00;1.12065;1.30349
21/05/2017 23:00;1.12372;1.29998
22/05/2017 23:00;1.11826;1.29603
23/05/2017 23:00;1.12185;1.29725
24/05/2017 23:00;1.12102;1.29405
25/05/2017 23:00;1.11799;1.28032
28/05/2017 23:00;1.11624;1.28375
29/05/2017 23:00;1.11856;1.28569
30/05/2017 23:00;1.12431;1.28881
31/05/2017 23:00;1.12122;1.28792
01/06/2017 23:00;1.12825;1.28894
04/06/2017 23:00;1.12541;1.29039
05/06/2017 23:00;1.12771;1.29076
06/06/2017 23:00;1.12554;1.29591
07/06/2017 23:00;1.12122;1.29506
08/06/2017 23:00;1.11941;1.27365
11/06/2017 23:00;1.12029;1.26571
12/06/2017 23:00;1.12107;1.27517
13/06/2017 23:00;1.1217;1.27484
14/06/2017 23:00;1.1145;1.27543
15/06/2017 23:00;1.11968;1.27726
18/06/2017 23:00;1.11483;1.27359
19/06/2017 23:00;1.11336;1.2629
20/06/2017 23:00;1.1168;1.26705
21/06/2017 23:00;1.11516;1.26814
22/06/2017 23:00;1.11918;1.27159
25/06/2017 23:00;1.11815;1.27223
26/06/2017 23:00;1.13385;1.28138
27/06/2017 23:00;1.13775;1.2924
28/06/2017 23:00;1.14402;1.30038
29/06/2017 23:00;1.14251;1.30183
02/07/2017 23:00;1.13641;1.29363
03/07/2017 23:00;1.13427;1.29162
04/07/2017 23:00;1.13513;1.29337
05/07/2017 23:00;1.14229;1.29712
06/07/2017 23:00;1.13996;1.28864
09/07/2017 23:00;1.13991;1.28799
10/07/2017 23:00;1.14674;1.28434
11/07/2017 23:00;1.14116;1.28821
12/07/2017 23:00;1.13973;1.29362
13/07/2017 23:00;1.14685;1.30973
16/07/2017 23:00;1.1478;1.30532
17/07/2017 23:00;1.15538;1.30378
18/07/2017 23:00;1.15142;1.30203
19/07/2017 23:00;1.16304;1.29738
20/07/2017 23:00;1.16622;1.29931
23/07/2017 23:00;1.16413;1.30278
24/07/2017 23:00;1.16467;1.30231
25/07/2017 23:00;1.17332;1.31212
26/07/2017 23:00;1.16753;1.30649
27/07/2017 23:00;1.17478;1.31335
30/07/2017 23:00;1.18414;1.32134
31/07/2017 23:00;1.18014;1.32017
01/08/2017 23:00;1.18555;1.3222
02/08/2017 23:00;1.1869;1.31368
03/08/2017 23:00;1.1773;1.30366
06/08/2017 23:00;1.17951;1.30336
07/08/2017 23:00;1.17509;1.29907
08/08/2017 23:00;1.17586;1.30033
09/08/2017 23:00;1.17714;1.29757
10/08/2017 23:00;1.18199;1.30078
13/08/2017 23:00;1.17786;1.29635
14/08/2017 23:00;1.17344;1.2868
15/08/2017 23:00;1.17665;1.28896
16/08/2017 23:00;1.17226;1.28648
17/08/2017 23:00;1.17591;1.28723
20/08/2017 23:00;1.18145;1.28978
21/08/2017 23:00;1.17612;1.28225
22/08/2017 23:00;1.18066;1.27973
23/08/2017 23:00;1.1799;1.27993
24/08/2017 23:00;1.19219;1.28761
27/08/2017 23:00;1.19784;1.29306
28/08/2017 23:00;1.19717;1.29172
29/08/2017 23:00;1.18832;1.29239
30/08/2017 23:00;1.19093;1.29286
31/08/2017 23:00;1.18597;1.29507
03/09/2017 23:00;1.18965;1.29298
04/09/2017 23:00;1.19135;1.30288
05/09/2017 23:00;1.19166;1.30408
06/09/2017 23:00;1.20226;1.31
07/09/2017 23:00;1.20347;1.31915
10/09/2017 23:00;1.19522;1.31616
11/09/2017 23:00;1.19662;1.32823
12/09/2017 23:00;1.18848;1.32073
13/09/2017 23:00;1.19186;1.3395
14/09/2017 23:00;1.19447;1.35937
17/09/2017 23:00;1.19535;1.34935
18/09/2017 23:00;1.1994;1.35064
19/09/2017 23:00;1.18924;1.34934
20/09/2017 23:00;1.19408;1.35748
21/09/2017 23:00;1.19466;1.34934
24/09/2017 23:00;1.18476;1.34646
25/09/2017 23:00;1.17925;1.34587
26/09/2017 23:00;1.17446;1.33844
27/09/2017 23:00;1.17855;1.34395
28/09/2017 23:00;1.18137;1.33953
01/10/2017 23:00;1.17324;1.3275
02/10/2017 23:00;1.17432;1.32375
03/10/2017 23:00;1.17587;1.32479
04/10/2017 23:00;1.17105;1.31179
05/10/2017 23:00;1.17299;1.30645
08/10/2017 23:00;1.17401;1.314
09/10/2017 23:00;1.18076;1.32025
10/10/2017 23:00;1.1858;1.32222
11/10/2017 23:00;1.18294;1.32599
12/10/2017 23:00;1.18191;1.32823
15/10/2017 23:00;1.17956;1.32493
16/10/2017 23:00;1.17658;1.31887
17/10/2017 23:00;1.1787;1.32045
18/10/2017 23:00;1.18518;1.31551
19/10/2017 23:00;1.17817;1.31871
22/10/2017 23:00;1.17485;1.31966
23/10/2017 23:00;1.17609;1.31308
24/10/2017 23:00;1.18125;1.32598
25/10/2017 23:00;1.16503;1.31584
26/10/2017 23:00;1.16083;1.31247
29/10/2017 23:00;1.16505;1.32071
30/10/2017 23:00;1.16454;1.32821
31/10/2017 23:00;1.16183;1.32432
01/11/2017 23:00;1.16579;1.30579
02/11/2017 23:00;1.1606;1.30738
06/11/2017 00:00;1.16093;1.31708
07/11/2017 00:00;1.15857;1.31661
08/11/2017 00:00;1.15943;1.3114
09/11/2017 00:00;1.16412;1.31444
10/11/2017 00:00;1.16638;1.31881
13/11/2017 00:00;1.1667;1.31154
14/11/2017 00:00;1.17975;1.31645
15/11/2017 00:00;1.17907;1.31712
16/11/2017 00:00;1.17697;1.31938
17/11/2017 00:00;1.17879;1.32156
20/11/2017 00:00;1.17328;1.32344
21/11/2017 00:00;1.17378;1.3237
22/11/2017 00:00;1.18215;1.33248
23/11/2017 00:00;1.18491;1.33082
24/11/2017 00:00;1.19286;1.33346
27/11/2017 00:00;1.18982;1.33178
28/11/2017 00:00;1.18387;1.33387
29/11/2017 00:00;1.18468;1.34095
30/11/2017 00:00;1.19036;1.3524
01/12/2017 00:00;1.18942;1.34746
04/12/2017 00:00;1.18655;1.3479
05/12/2017 00:00;1.18259;1.34422
06/12/2017 00:00;1.17952;1.33903
07/12/2017 00:00;1.17725;1.34739
08/12/2017 00:00;1.1772;1.33789
11/12/2017 00:00;1.17685;1.33382
12/12/2017 00:00;1.17413;1.33168
13/12/2017 00:00;1.18256;1.3419
14/12/2017 00:00;1.17773;1.34303
15/12/2017 00:00;1.17492;1.33269
18/12/2017 00:00;1.17813;1.33814
19/12/2017 00:00;1.18389;1.33843
20/12/2017 00:00;1.18707;1.33752
21/12/2017 00:00;1.18734;1.33846
22/12/2017 00:00;1.18607;1.33541
25/12/2017 00:00;1.18755;1.33899
26/12/2017 00:00;1.18581;1.33733
27/12/2017 00:00;1.18872;1.33965
28/12/2017 00:00;1.19422;1.34382
29/12/2017 00:00;1.19985;1.34944
01/01/2018 00:00;1.19985;1.34944
02/01/2018 00:00;1.20583;1.35889
03/01/2018 00:00;1.20141;1.35142
04/01/2018 00:00;1.2068;1.35504
05/01/2018 00:00;1.20304;1.3564
08/01/2018 00:00;1.19666;1.35662
09/01/2018 00:00;1.19363;1.35395
10/01/2018 00:00;1.19471;1.3506
11/01/2018 00:00;1.20319;1.35355
12/01/2018 00:00;1.21993;1.37277
15/01/2018 00:00;1.22634;1.37935
16/01/2018 00:00;1.22601;1.3791
17/01/2018 00:00;1.21851;1.38306
18/01/2018 00:00;1.22377;1.38922
19/01/2018 00:00;1.22145;1.38479
22/01/2018 00:00;1.22614;1.39837
23/01/2018 00:00;1.22982;1.39973
24/01/2018 00:00;1.24076;1.42375
25/01/2018 00:00;1.23928;1.41313
26/01/2018 00:00;1.24283;1.41562
29/01/2018 00:00;1.23823;1.40727
30/01/2018 00:00;1.24023;1.41447
31/01/2018 00:00;1.2413;1.41902
01/02/2018 00:00;1.25076;1.42595
02/02/2018 00:00;1.24559;1.41213
05/02/2018 00:00;1.23661;1.39572
06/02/2018 00:00;1.23766;1.3948
07/02/2018 00:00;1.22626;1.38809
08/02/2018 00:00;1.22465;1.39105
09/02/2018 00:00;1.2251;1.38239
12/02/2018 00:00;1.22914;1.38357
13/02/2018 00:00;1.23503;1.38909
14/02/2018 00:00;1.24486;1.39956
15/02/2018 00:00;1.25058;1.40981
16/02/2018 00:00;1.24041;1.40298
19/02/2018 00:00;1.24065;1.39964
20/02/2018 00:00;1.23373;1.39948
21/02/2018 00:00;1.22829;1.39182
22/02/2018 00:00;1.23305;1.39531
23/02/2018 00:00;1.22937;1.39656
26/02/2018 00:00;1.23169;1.39668
27/02/2018 00:00;1.22328;1.3906
28/02/2018 00:00;1.21939;1.3759
01/03/2018 00:00;1.22671;1.37746
02/03/2018 00:00;1.23186;1.3798
05/03/2018 00:00;1.23356;1.38482
06/03/2018 00:00;1.24038;1.38863
07/03/2018 00:00;1.2411;1.3899
08/03/2018 00:00;1.23104;1.38089
09/03/2018 00:00;1.23041;1.38447
11/03/2018 23:00;1.23339;1.39052
12/03/2018 23:00;1.23894;1.39602
13/03/2018 23:00;1.23673;1.39605
14/03/2018 23:00;1.23043;1.39357
15/03/2018 23:00;1.22889;1.39432
18/03/2018 23:00;1.23348;1.40226
19/03/2018 23:00;1.22413;1.39968
20/03/2018 23:00;1.23378;1.41393
21/03/2018 23:00;1.23017;1.40948
22/03/2018 23:00;1.23522;1.41305
25/03/2018 23:00;1.24436;1.42273
26/03/2018 23:00;1.24022;1.41556
27/03/2018 23:00;1.23085;1.40762
28/03/2018 23:00;1.23002;1.40174
29/03/2018 23:00;1.232;1.40088
01/04/2018 23:00;1.2301;1.4043
02/04/2018 23:00;1.22705;1.40557
03/04/2018 23:00;1.22776;1.40782
04/04/2018 23:00;1.22397;1.40015
05/04/2018 23:00;1.22792;1.40814
08/04/2018 23:00;1.23204;1.41294
09/04/2018 23:00;1.23555;1.41742
10/04/2018 23:00;1.23666;1.41746
11/04/2018 23:00;1.23264;1.42268
12/04/2018 23:00;1.23282;1.42372
15/04/2018 23:00;1.23791;1.43369
16/04/2018 23:00;1.23696;1.42862
17/04/2018 23:00;1.23736;1.42
18/04/2018 23:00;1.23453;1.40833
19/04/2018 23:00;1.22846;1.40002
22/04/2018 23:00;1.22084;1.39391
23/04/2018 23:00;1.2232;1.39767
24/04/2018 23:00;1.21605;1.39291
25/04/2018 23:00;1.21032;1.3915
26/04/2018 23:00;1.21291;1.37785
29/04/2018 23:00;1.20777;1.3755
30/04/2018 23:00;1.19924;1.36124
01/05/2018 23:00;1.19504;1.35718
02/05/2018 23:00;1.19881;1.35729
03/05/2018 23:00;1.1955;1.35253
06/05/2018 23:00;1.1922;1.35558
07/05/2018 23:00;1.18641;1.3546
08/05/2018 23:00;1.18502;1.35447
09/05/2018 23:00;1.19149;1.35169
10/05/2018 23:00;1.19395;1.35407
13/05/2018 23:00;1.19261;1.35559
14/05/2018 23:00;1.18376;1.35
15/05/2018 23:00;1.18068;1.34832
16/05/2018 23:00;1.17936;1.35153
17/05/2018 23:00;1.17689;1.34679
20/05/2018 23:00;1.17912;1.34217
21/05/2018 23:00;1.17784;1.34278
22/05/2018 23:00;1.16952;1.33449
23/05/2018 23:00;1.17192;1.33769
24/05/2018 23:00;1.16478;1.32946
27/05/2018 23:00;1.16242;1.33092
28/05/2018 23:00;1.15395;1.32416
29/05/2018 23:00;1.16635;1.32844
30/05/2018 23:00;1.16918;1.32957
31/05/2018 23:00;1.16584;1.33449
03/06/2018 23:00;1.16982;1.33122
04/06/2018 23:00;1.17173;1.33851
05/06/2018 23:00;1.17735;1.34113
06/06/2018 23:00;1.17988;1.3421
07/06/2018 23:00;1.17666;1.34081
10/06/2018 23:00;1.17833;1.33729
11/06/2018 23:00;1.17446;1.33703
12/06/2018 23:00;1.17911;1.33737
13/06/2018 23:00;1.15679;1.32604
14/06/2018 23:00;1.16059;1.32763
17/06/2018 23:00;1.16221;1.32437
18/06/2018 23:00;1.15883;1.31726
19/06/2018 23:00;1.15708;1.31691
20/06/2018 23:00;1.16032;1.32343
21/06/2018 23:00;1.16561;1.32593
24/06/2018 23:00;1.17034;1.32764
25/06/2018 23:00;1.16466;1.32184
26/06/2018 23:00;1.15531;1.31128
27/06/2018 23:00;1.15684;1.30761
28/06/2018 23:00;1.16847;1.3204
01/07/2018 23:00;1.16391;1.31421
02/07/2018 23:00;1.16568;1.31893
03/07/2018 23:00;1.16556;1.32251
04/07/2018 23:00;1.16903;1.32209
05/07/2018 23:00;1.17444;1.32844
08/07/2018 23:00;1.17503;1.32556
09/07/2018 23:00;1.17441;1.32709
10/07/2018 23:00;1.16726;1.32032
11/07/2018 23:00;1.16707;1.3205
12/07/2018 23:00;1.16843;1.32323
15/07/2018 23:00;1.17109;1.32352
16/07/2018 23:00;1.16607;1.3114
17/07/2018 23:00;1.16381;1.30679
18/07/2018 23:00;1.16412;1.30139
19/07/2018 23:00;1.17196;1.31287
22/07/2018 23:00;1.16915;1.30977
23/07/2018 23:00;1.16857;1.31436
24/07/2018 23:00;1.17281;1.31877
25/07/2018 23:00;1.16424;1.31072
26/07/2018 23:00;1.16559;1.30967
29/07/2018 23:00;1.17052;1.31315
30/07/2018 23:00;1.16908;1.3122
31/07/2018 23:00;1.16595;1.31259
01/08/2018 23:00;1.1584;1.30155
02/08/2018 23:00;1.1567;1.30011
05/08/2018 23:00;1.15533;1.29426
06/08/2018 23:00;1.1598;1.29385
07/08/2018 23:00;1.16097;1.28807
08/08/2018 23:00;1.15267;1.2823
09/08/2018 23:00;1.1409;1.27663
12/08/2018 23:00;1.14096;1.27594
13/08/2018 23:00;1.13434;1.27214
14/08/2018 23:00;1.13447;1.26942
15/08/2018 23:00;1.13762;1.27088
16/08/2018 23:00;1.14379;1.27466
19/08/2018 23:00;1.14809;1.27969
20/08/2018 23:00;1.15701;1.28987
21/08/2018 23:00;1.15962;1.29095
22/08/2018 23:00;1.15377;1.28132
23/08/2018 23:00;1.16205;1.28452
26/08/2018 23:00;1.16778;1.28915
27/08/2018 23:00;1.16938;1.28703
28/08/2018 23:00;1.17065;1.3025
29/08/2018 23:00;1.16708;1.30062
30/08/2018 23:00;1.15997;1.29528
02/09/2018 23:00;1.16181;1.28676
03/09/2018 23:00;1.15805;1.2854
04/09/2018 23:00;1.16292;1.29037
05/09/2018 23:00;1.16227;1.29261
06/09/2018 23:00;1.1552;1.29137
09/09/2018 23:00;1.15924;1.30253
10/09/2018 23:00;1.16046;1.30299
11/09/2018 23:00;1.16253;1.30446
12/09/2018 23:00;1.16897;1.3106
13/09/2018 23:00;1.16227;1.30664
16/09/2018 23:00;1.1683;1.31564
17/09/2018 23:00;1.16651;1.31475
18/09/2018 23:00;1.16721;1.31427
19/09/2018 23:00;1.17766;1.32589
20/09/2018 23:00;1.17473;1.30764
23/09/2018 23:00;1.17473;1.31192
24/09/2018 23:00;1.17659;1.31786
25/09/2018 23:00;1.17379;1.31639
26/09/2018 23:00;1.16404;1.30733
27/09/2018 23:00;1.16019;1.30278
30/09/2018 23:00;1.15778;1.30419
01/10/2018 23:00;1.15461;1.29777
02/10/2018 23:00;1.14766;1.29362
03/10/2018 23:00;1.15136;1.30208
04/10/2018 23:00;1.15174;1.31136
07/10/2018 23:00;1.14908;1.30859
08/10/2018 23:00;1.14899;1.31425
09/10/2018 23:00;1.15185;1.3188
10/10/2018 23:00;1.15931;1.32311
11/10/2018 23:00;1.15571;1.31516
14/10/2018 23:00;1.15785;1.31514
15/10/2018 23:00;1.15732;1.31767
16/10/2018 23:00;1.14999;1.31128
17/10/2018 23:00;1.14522;1.30168
18/10/2018 23:00;1.15142;1.30666
21/10/2018 23:00;1.14636;1.29564
22/10/2018 23:00;1.14696;1.29819
23/10/2018 23:00;1.13914;1.28792
24/10/2018 23:00;1.13745;1.28162
25/10/2018 23:00;1.14021;1.2826
28/10/2018 23:00;1.13721;1.27919
29/10/2018 23:00;1.13436;1.27066
30/10/2018 23:00;1.13115;1.27644
31/10/2018 23:00;1.14077;1.30009
01/11/2018 23:00;1.1386;1.29617
05/11/2018 00:00;1.14066;1.30398
06/11/2018 00:00;1.14261;1.3095
07/11/2018 00:00;1.14251;1.31219
08/11/2018 00:00;1.13629;1.30607
09/11/2018 00:00;1.13342;1.29729
12/11/2018 00:00;1.12177;1.28476
13/11/2018 00:00;1.12899;1.29675
14/11/2018 00:00;1.13081;1.29861
15/11/2018 00:00;1.13249;1.27688
16/11/2018 00:00;1.14185;1.28261
19/11/2018 00:00;1.14526;1.28496
20/11/2018 00:00;1.13696;1.27862
21/11/2018 00:00;1.13838;1.27743
22/11/2018 00:00;1.14002;1.28752
23/11/2018 00:00;1.13355;1.28006
26/11/2018 00:00;1.13275;1.28068
27/11/2018 00:00;1.12867;1.2742
28/11/2018 00:00;1.1366;1.28232
29/11/2018 00:00;1.13924;1.2785
